Id,"Nome form",Documento,Numero
1,form-foto,FOTO,1
2,form-curriculum,"CURRICULUM VITAE",2
3,form-crm,"CARTEIRA CRM",3
4,form-rg,RG,4
5,form-cpf,CPF,5
6,form-titulo-eleitor,"TITULO DE ELEITOR",6
7,form-reservista,"COMPROVANTE DE ALISTAMENTO MILITAR",7
8,form-pis,PIS,8
9,form-endereco,"COMPROVANTE DE ENDERECO",9
10,form-diploma,DIPLOMA,10
11,form-debitocrm,"CERTIDAO NEGATIVA DE DEBITO CRM",11
12,form-vacinacao,"CARTAO DE VACINA",12
13,form-eticoscrm,"ANTECEDENTES ETICOS CRM",13
14,form-cncf,"CERTIDAO NEGATIVA CRIMINAL FEDERAL",14
15,form-cnce,"CERTIDAO NEGATIVA CRIMINAL ESTADUAL",15
16,form-cndf,"CERTIDAO NEGATIVA DE DEBITO FEDERAL",16
17,form-cnde,"CERTIDAO NEGATIVA DE DEBITO ESTADUAL",17
18,form-cndm,"CERTIDAO NEGATIVA DE DEBITO MUNICIPAL",18
19,form-cndt,"CERTIDAO NEGATIVA DE DEBITO TRABALHISTA",19
20,form-especs,"CERTIFICADOS DE ESPECIALIDADES",20
21,form-ctexp,"CARTA DE EXPERIENCIA",21
